native,8,37.069,145.14023899999984
native_with_size_hint,8,37.784,113.62534400000027
simd_f32x8,8,37.636,87.3355039999999
native_par,8,73017.111,11506106884.622679
native,16,56.483,642.3677110000003
native_with_size_hint,16,38.412,93.15625599999998
simd_f32x8,16,39.904,9.530783999999585
native_par,16,66266.439,671546802.4602795
native,24,71.823,909.6556710000004
native_with_size_hint,24,39.172,87.60841600000026
simd_f32x8,24,37.864,88.68550400000004
native_par,24,69067.507,411968867.7379513
native,32,100.788,5819.431056000001
native_with_size_hint,32,66.126,394.7861239999993
simd_f32x8,32,37.593,107.62135099999978
simd_unrolled4_f32x8,32,37.299,99.30359900000008
native_par,32,64530.517,243360204.79571104
native,64,199.729,677.3175589999955
native_with_size_hint,64,190.904,304.51878399999987
simd_f32x8,64,62.937,417.7170310000006
simd_unrolled4_f32x8,64,57.748,396.100496
native_par,64,75768.594,1005405321.0691643
native,96,323.073,292.68367100000614
native_with_size_hint,96,320.679,253.97995900001843
simd_f32x8,96,79.465,241.12877499999922
simd_unrolled4_f32x8,96,69.031,345.25003899999956
native_par,96,87290.913,874690858.2334309
native,128,414.899,461.2007989999838
native_with_size_hint,128,416.954,411.32788399996934
simd_f32x8,128,95.235,407.619775000001
simd_unrolled4_f32x8,128,75.836,223.58510400000068
native_par,128,96180.356,4777041318.237265
native,160,441.406,1584.1371639999852
native_with_size_hint,160,425.94,375.17639999999665
simd_f32x8,160,63.229,409.98455899999954
simd_unrolled4_f32x8,160,38.749,86.5999989999998
native_par,160,103449.284,486432642.7233448
native,192,533.891,1192.5891190000693
native_with_size_hint,192,522.25,93.64750000002095
simd_f32x8,192,75.397,216.97539099999904
simd_unrolled4_f32x8,192,40.422,104.6019160000003
native_par,192,106492.318,832861503.5888748
native,224,694.117,3087.2333110000473
native_with_size_hint,224,708.681,466.7992389999563
simd_f32x8,224,157.81,263.313900000001
simd_unrolled4_f32x8,224,96.622,498.48711600000024
native_par,224,109629.362,918420932.1509571
native,256,720.571,998.1829589999979
native_with_size_hint,256,734.916,1701.7969439999433
simd_f32x8,256,106.061,381.80327899999793
simd_unrolled4_f32x8,256,53.593,381.07735099999945
native_par,256,109924.931,1029696162.1942387
native,288,817.852,1194.1340960001107
native_with_size_hint,288,809.695,310.4719749998767
simd_f32x8,288,122.16,94.53440000000046
simd_unrolled4_f32x8,288,60.32,451.09760000000006
native_par,288,117632.248,859984082.8184929
native,320,910.455,983.637974999845
native_with_size_hint,320,922.776,1985.1578240001108
simd_f32x8,320,145.03,382.34909999999945
simd_unrolled4_f32x8,320,64.151,403.2581990000008
native_par,320,121961.398,965935755.2875957
native,352,1001.829,326.265759000089
native_with_size_hint,352,1001.419,64.2874389999779
simd_f32x8,352,164.069,147.4942390000033
simd_unrolled4_f32x8,352,71.24,302.46240000000125
native_par,352,126371.036,1240776261.8507042
native,384,1109.056,1343.9328640000895
native_with_size_hint,384,1100.036,414.3627039999701
simd_f32x8,384,183.991,385.36091899999155
simd_unrolled4_f32x8,384,75.359,215.2621190000009
native_par,384,127661.167,1046906149.1911106
native,416,1198.9,908.4099999999162
native_with_size_hint,416,1217.227,173772.24347099988
simd_f32x8,416,205.861,202.62767900000472
simd_unrolled4_f32x8,416,80.696,46.57958400000007
native_par,416,129027.647,1109728842.7163944
native,448,1297.027,1135.0542709999718
native_with_size_hint,448,1289.383,294.656310999766
simd_f32x8,448,213.406,131693.23316399998
simd_unrolled4_f32x8,448,82.32,116.21760000000086
native_par,448,131043.865,1480742207.3567734
native,480,1387.694,870.6683640002739
native_with_size_hint,480,1424.188,102241.39265599963
simd_f32x8,480,239.16,55.294400000006135
simd_unrolled4_f32x8,480,88.8,309.7600000000011
native_par,480,132598.678,935459781.814312
native,512,1485.386,653.7250040001236
native_with_size_hint,512,1481.618,71.524075999856
simd_f32x8,512,265.119,386.4768389999808
simd_unrolled4_f32x8,512,96.22,410.6116000000002
native_par,512,134802.478,1296340645.901516
native,544,1596.693,2147.57075099973
native_with_size_hint,544,1589.433,1564.0255109998398
simd_f32x8,544,284.029,146.21815900001093
simd_unrolled4_f32x8,544,96.36,425.15040000000045
native_par,544,140353.427,1305092368.6086693
native,576,1672.73,255.97709999978542
native_with_size_hint,576,1684.273,2035.5484710000455
simd_f32x8,576,318.515,1559.9597750000103
simd_unrolled4_f32x8,576,124.657,1606.1753510000017
native_par,576,163703.651,6793379189.859196
native,608,1771.931,676.0002389997244
native_with_size_hint,608,1792.944,326808.98886399996
simd_f32x8,608,304.029,384.9781590000057
simd_unrolled4_f32x8,608,102.71,424.26590000000215
native_par,608,153424.596,6407585359.160786
native,640,1875.316,1676.3441440002061
native_with_size_hint,640,1870.775,1161.2043749997392
simd_f32x8,640,356.841,1485.219718999986
simd_unrolled4_f32x8,640,164.533,855736.198911
native_par,640,148562.041,4675917469.95332
native,672,1964.482,509.78967599989846
native_with_size_hint,672,1961.933,82.65051099983975
simd_f32x8,672,365.98,212.3396000000066
simd_unrolled4_f32x8,672,114.255,234.21997499999998
native_par,672,160034.081,98287991879.48444
native,704,2063.81,867.033900000155
native_with_size_hint,704,2057.97,412.34910000115633
simd_f32x8,704,383.99,391.7298999999766
simd_unrolled4_f32x8,704,118.176,119.89702399999987
native_par,704,149395.995,1607641987.364975
native,736,2154.631,617.5828390009701
native_with_size_hint,736,2155.169,181.4924390008673
simd_f32x8,736,405.966,203.36084399998072
simd_unrolled4_f32x8,736,124.136,166.5975039999994
native_par,736,149302.075,1383680001.059372
native,768,2251.81,725.033900000155
native_with_size_hint,768,2262.616,245726.6205439996
simd_f32x8,768,429.018,317.89767600002233
simd_f32x16,768,212.005,336.354975000002
simd_unrolled4_f32x8,768,128.175,281.59437499999694
simd_unrolled4_f32x16,768,129.27,324.5170999999973
native_par,768,149049.229,1645908449.6765633
simd_par,768,65420.481,2109512504.5676389
simd_par_better,768,623.368,9281.608575999911
native,1536,4552.775,863.0243750065565
native_with_size_hint,1536,4556.007,1150.4889510013163
simd_f32x8,1536,909.846,141255.170284
simd_f32x16,1536,460.105,3840.403974999994
simd_unrolled4_f32x8,1536,254.423,4094.674070999994
simd_unrolled4_f32x16,1536,249.948,2856.3292959999962
native_par,1536,174978.916,1052641696.1489449
simd_par,1536,69122.708,425712178.1587362
simd_par_better,1536,853.899,42317.35879900004
native,2304,8334.045,474974841.172975
native_with_size_hint,2304,6858.961,2608.59947899729
simd_f32x8,2304,1385.948,1194.1132959998213
simd_f32x16,2304,699.353,1509.388391000044
simd_unrolled4_f32x8,2304,393.93,4293.705099999992
simd_unrolled4_f32x16,2304,387.351,4125.931798999984
native_par,2304,190717.283,2526573661.7749176
simd_par,2304,76706.681,669306180.1632395
simd_par_better,2304,922.623,201059.4968709998
native,3072,9165.369,1094.5648389905691
native_with_size_hint,3072,9175.249,154425.33899900317
simd_f32x8,3072,1841.069,51.3082389999181
simd_f32x16,3072,929.483,297.6297110001324
simd_unrolled4_f32x8,3072,475.538,298.5125560000015
simd_unrolled4_f32x16,3072,480.099,202.0911990000168
native_par,3072,194702.353,1780195378.3103867
simd_par,3072,76505.524,416423996.0814228
simd_par_better,3072,1022.95,70072.06749999989
native,3840,11907.998,176860397.63399598
native_with_size_hint,3840,12739.393,359532871.038551
simd_f32x8,3840,2429.945,175972.71197499894
simd_f32x16,3840,1188.691,3520.3355189999565
simd_unrolled4_f32x8,3840,687.015,36896.89477500005
simd_unrolled4_f32x16,3840,661.579,31296.367759000044
native_par,3840,200664.716,2240166841.6433487
simd_par,3840,88345.2,32371816331.96
simd_par_better,3840,1124.729,170706.94755899976
native,4608,13800.629,148418.49535897374
native_with_size_hint,4608,13788.473,78830.33527100086
simd_f32x8,4608,2804.872,178.8716160012409
simd_f32x16,4608,1413.927,369.8716710002627
simd_unrolled4_f32x8,4608,1143.109,402.70511900028214
simd_unrolled4_f32x16,4608,1152.375,24363.564375000075
native_par,4608,208018.158,3147202811.5290375
simd_par,4608,88761.436,1288099742.1419039
simd_par_better,4608,1422.044,2051.8580639997963
native,5376,16109.195,602760.056975007
native_with_size_hint,5376,16098.233,92182.44471099973
simd_f32x8,5376,3282.96,1799.2383999992162
simd_f32x16,5376,1659.635,3060.2717749997973
simd_unrolled4_f32x8,5376,1354.746,76236.24948399956
simd_unrolled4_f32x16,5376,1366.427,10421.586671000347
native_par,5376,232132.949,6960465509.974403
simd_par,5376,91623.272,1146994085.6620169
simd_par_better,5376,1619.774,2955.6549240001477
native,6144,18411.359,305205.37411898375
native_with_size_hint,6144,18406.674,139406.66372406483
simd_f32x8,6144,3762.797,1738.899791000411
simd_f32x16,6144,1899.135,3327.116775000468
simd_unrolled4_f32x8,6144,1548.704,6336.5763840000145
simd_unrolled4_f32x16,6144,1564.387,82548.68723100051
native_par,6144,219931.763,4122364555.348831
simd_par,6144,96152.918,12649924751.887274
simd_par_better,6144,1744.121,24681.21635899972
native,6912,20728.836,677747.3691040277
native_with_size_hint,6912,20737.237,647470.8888309598
simd_f32x8,6912,4248.716,2849.3153439983726
simd_f32x16,6912,2139.756,2939.024464000948
simd_unrolled4_f32x8,6912,1728.589,6067.680079000071
simd_unrolled4_f32x16,6912,1740.223,6363.207270999905
native_par,6912,232798.638,41252728734.58696
simd_par,6912,105047.732,101798311231.04417
simd_par_better,6912,2057.799,55739.43659900036
native,7680,23030.598,465599.604395926
native_with_size_hint,7680,23014.956,222829.12206411362
simd_f32x8,7680,4762.712,338006.3730559945
simd_f32x16,7680,2385.178,6420.9303160002455
simd_unrolled4_f32x8,7680,1943.264,10918.962304000743
simd_unrolled4_f32x16,7680,1941.709,9865.050318999682
native_par,7680,225353.563,4151733271.0820313
simd_par,7680,92604.001,888703287.8709984
simd_par_better,7680,2139.165,25258.577774999663
native,8448,25332.6,371583.6400001049
native_with_size_hint,8448,25318.239,188470.49987888336
simd_f32x8,8448,5247.543,1061556.4001510032
simd_f32x16,8448,2631.101,170446.38679899927
simd_unrolled4_f32x8,8448,2105.064,402.4519040007144
simd_unrolled4_f32x16,8448,2104.869,411.0638389997184
native_par,8448,233609.277,6468156295.020271
simd_par,8448,104288.089,1699782230.3590775
simd_par_better,8448,2308.43,28264.745099999942
native,9216,27641.438,373223.53415608406
native_with_size_hint,9216,27661.879,646834.350358963
simd_f32x8,9216,5682.879,115.11235899850726
simd_f32x16,9216,2895.16,379.8544000014663
simd_unrolled4_f32x8,9216,2295.782,394.3064759997651
simd_unrolled4_f32x16,9216,2313.296,90888.76038400084
native_par,9216,233264.024,3092902702.183426
simd_par,9216,109375.947,5062917602.786192
simd_par_better,9216,2452.747,17888.046991000883
native,9984,29980.319,1093619.05923903
native_with_size_hint,9984,29954.988,481813.931855917
simd_f32x8,9984,6166.147,215.62739100307226
simd_f32x16,9984,3105.504,102378.76198400185
simd_unrolled4_f32x8,9984,2487.543,295.6801509996876
simd_unrolled4_f32x16,9984,2487.307,276.7807510010898
native_par,9984,235685.035,3363152091.4937744
simd_par,9984,107189.997,2635050979.8229904
simd_par_better,9984,2658.481,92138.41163899936
native,10752,32271.257,1077083.5829508305
native_with_size_hint,10752,32241.068,277029.83137607574
simd_f32x8,10752,6644.772,391.01601599901915
simd_f32x16,10752,3344.26,47326.71239999868
simd_unrolled4_f32x8,10752,2693.185,11703.69077500049
simd_unrolled4_f32x16,10752,2691.351,10155.403798999265
native_par,10752,239549.282,5172602290.042473
simd_par,10752,109724.04,1637786048.678402
simd_par_better,10752,2859.433,56699.04551100079
native,11520,34555.476,739408.6574237347
native_with_size_hint,11520,34535.118,102846.64807581902
simd_f32x8,11520,7122,1669.6000000014901
simd_f32x16,11520,3579.338,3855.7037559971213
simd_unrolled4_f32x8,11520,2890.744,51954.90246399958
simd_unrolled4_f32x16,11520,2885.506,11676.257964000106
native_par,11520,241162.797,4365431366.459793
simd_par,11520,110683.361,1661280311.8626766
simd_par_better,11520,3034.598,44895.260396
native,12288,36884.472,739157.929215908
native_with_size_hint,12288,36846.314,196568.13940405846
simd_f32x8,12288,7605.16,25382.974400006235
simd_f32x16,12288,3811.653,340.5145910028368
simd_unrolled4_f32x8,12288,3065.832,391.19577600061893
simd_unrolled4_f32x16,12288,3122.379,46006.36135900207
native_par,12288,238893.917,6489895225.480118
simd_par,12288,110782.249,695541811.4129982
simd_par_better,12288,3342.744,204858.04646399803
native,13056,39161.187,429806.60403108597
native_with_size_hint,13056,39185.028,489049.61121606827
simd_f32x8,13056,8085.054,1663.843084000051
simd_f32x16,13056,4064.189,56553.183279002085
simd_unrolled4_f32x8,13056,3263.056,5309.64486400038
simd_unrolled4_f32x16,13056,3262.907,5267.842350998893
native_par,13056,242212.435,2247372912.6957703
simd_par,13056,114943.772,2476694806.200016
simd_par_better,13056,3653.195,290535.61697499827
native,13824,41472.52,599648.0496003628
native_with_size_hint,13824,41474.919,334388.5044388771
simd_f32x8,13824,8577.898,54672.283596009016
simd_f32x16,13824,4305.348,8332.010896001011
simd_unrolled4_f32x8,13824,3482.382,107294.5040760003
simd_unrolled4_f32x16,13824,3472.748,26183.260495999828
native_par,13824,246847.227,3167532591.583458
simd_par,13824,113866.158,1466125633.4810371
simd_par_better,13824,3599.71,32883.16589999944
native,14592,43783.95,689965.6075003147
native_with_size_hint,14592,43754.146,144967.26468396187
simd_f32x8,14592,9051.266,35608.09124401212
simd_f32x16,14592,4533.225,364.75437499955297
simd_unrolled4_f32x8,14592,3641.817,184.32151099853218
simd_unrolled4_f32x16,14592,3642.863,1610.3002310022712
native_par,14592,254235.163,5526777249.5204315
simd_par,14592,116031.801,1254134510.4953976
simd_par_better,14592,3843.438,645382.7021559998
native,15360,46080.96,649541.478399992
native_with_size_hint,15360,46068.079,343323.5707592964
simd_f32x8,15360,9547.11,222741.7378999889
simd_f32x16,15360,4787.654,160663.32228399813
simd_unrolled4_f32x8,15360,3831.061,299.31327899731696
simd_unrolled4_f32x16,15360,3830.791,302.40331899933517
native_par,15360,253033.24,7901183410.582397
simd_par,15360,116134.998,2115988554.1419945
simd_par_better,15360,3983.641,37169.142118999735
native,16128,48380.92,369176.7536005974
native_with_size_hint,16128,48356.12,108748.14559984207
simd_f32x8,16128,10013.935,78157.44077500701
simd_f32x16,16128,5020.474,51380.38132399693
simd_unrolled4_f32x8,16128,4024.623,400.2848709989339
simd_unrolled4_f32x16,16128,4024.548,404.3676960002631
native_par,16128,248966.882,2111365799.6360703
simd_par,16128,120570.359,1333917275.9321194
simd_par_better,16128,4145.109,24153.269118994474
native,16896,50689.757,537434.4039511681
native_with_size_hint,16896,50679.074,298336.74852371216
simd_f32x8,16896,10492.399,33758.305799007416
simd_f32x16,16896,5252.835,356.50777500122786
simd_unrolled4_f32x8,16896,4216.349,395.8411989957094
simd_unrolled4_f32x16,16896,4221.032,25630.622975997627
native_par,16896,257192.808,3431605491.5071487
simd_par,16896,123936.487,982040725.4918327
simd_par_better,16896,4388.896,58294.04518400505
native,17664,52979.077,220136.87107133865
native_with_size_hint,17664,52970.997,135839.0689907074
simd_f32x8,17664,10979.951,2087.6865990161896
simd_f32x16,17664,5506.466,76047.48484399542
simd_unrolled4_f32x8,17664,4414.952,6633.405695997179
simd_unrolled4_f32x16,17664,4414.352,7294.108096003532
native_par,17664,277788.285,241104871314.31378
simd_par,17664,128429.719,2448817361.8620377
simd_par_better,17664,4563.713,36111.14063100144
native,18432,58483.668,9881509960.957775
native_with_size_hint,18432,56972.629,2855783586.2793593
simd_f32x8,18432,11457.007,42649.034951001406
simd_f32x16,18432,5753.749,12605.535999000072
simd_unrolled4_f32x8,18432,4616.857,208841.2245509997
simd_unrolled4_f32x16,18432,4601.781,224.84703899919987
native_par,18432,264528.237,7695374232.834808
simd_par,18432,125032.119,444695072.8908367
simd_par_better,18432,4770.631,204897.27083899826
native,19200,57592.559,417807.1125187874
native_with_size_hint,19200,57589.277,266768.46027088165
simd_f32x8,19200,11938.024,101690.07142400742
simd_f32x16,19200,5986.183,44116.34751100093
simd_unrolled4_f32x8,19200,4802.627,9765.831870995462
simd_unrolled4_f32x16,19200,4802.148,10958.358095999807
native_par,19200,264898.121,4566570432.54837
simd_par,19200,127560.2,885346397.2000008
simd_par_better,19200,5013.869,109268.6618390046
native,19968,59915.949,872882.0003991127
native_with_size_hint,19968,59896.353,281759.7863907814
simd_f32x8,19968,12410.342,41525.38103598356
simd_f32x16,19968,6217.607,30212.226551003754
simd_unrolled4_f32x8,19968,4985.23,388.17710000276566
simd_unrolled4_f32x16,19968,4986.38,390.43560000136495
native_par,19968,265140.519,3612730704.851654
simd_par,19968,133351.208,4763419488.092731
simd_par_better,19968,5229.153,520309.02959099784
native,20736,62232.639,847795.4966788292
native_with_size_hint,20736,62241.56,1099995.9664001465
simd_f32x8,20736,12890.356,48780.277263998985
simd_f32x16,20736,6459.555,6231.726974993944
simd_unrolled4_f32x8,20736,5201.909,101881.16671900079
simd_unrolled4_f32x16,20736,5190.032,19018.966975998133
native_par,20736,312399.518,22296228663.809692
simd_par,20736,146561.997,110367323470.935
simd_par_better,20736,5341.949,48239.73239900544
native,21504,64544.107,868445.5055503845
native_with_size_hint,21504,64523.348,548530.5628962517
simd_f32x8,21504,13374.907,96065.03435102105
simd_f32x16,21504,6739.586,4938.60260399431
simd_unrolled4_f32x8,21504,5394.534,109928.54884400219
simd_unrolled4_f32x16,21504,5380.504,24126.401983998716
native_par,21504,274697.118,8511900014.136063
simd_par,21504,142858.06,76518592546.2164
simd_par_better,21504,5639.516,666932.6097440049
native,22272,66847.869,976071.7698383331
native_with_size_hint,22272,66822.187,477566.95003032684
simd_f32x8,22272,13858.675,48066.72937503457
simd_f32x16,22272,6949.652,10236.746895998716
simd_unrolled4_f32x8,22272,5613.54,198489.96840000153
simd_unrolled4_f32x16,22272,5601.607,46730.97055100277
native_par,22272,270165.367,8543340309.628296
simd_par,22272,139535.992,2175323509.7439346
simd_par_better,22272,5800.466,157572.15684399754
native,23040,69120.474,402749.0613231659
native_with_size_hint,23040,69112.356,237500.05326366425
simd_f32x8,23040,14337.119,47558.02083897591
simd_f32x16,23040,7195.189,53857.42527899146
simd_unrolled4_f32x8,23040,5791.623,51929.84287100658
simd_unrolled4_f32x16,23040,5790.346,48122.574284002185
native_par,23040,274622.808,4673231426.547134
simd_par,23040,140527.194,36411289270.45237
simd_par_better,23040,5946.512,146572.68185600638
native,23808,71460.316,1177257.9041433334
native_with_size_hint,23808,71455.718,888282.7064771652
simd_f32x8,23808,14817.787,118858.59563100338
simd_f32x16,23808,7421.136,10307.253503993154
simd_unrolled4_f32x8,23808,5964.15,69131.5075000003
simd_unrolled4_f32x16,23808,5960.744,32781.70246400684
native_par,23808,272503.961,4930055407.749466
simd_par,23808,136230.68,1650375957.4976006
simd_par_better,23808,6155.074,162438.82052400708
native,24576,73751.514,794846.3938045502
native_with_size_hint,24576,73727.2,258735.36000061035
simd_f32x8,24576,15296.48,104502.80959999561
simd_f32x16,24576,7671.278,15736.048715993762
simd_unrolled4_f32x8,24576,6194.229,145115.58655899018
simd_unrolled4_f32x16,24576,6181.862,68357.51095599681
native_par,24576,300186.714,99506830288.00822
simd_par,24576,142650.474,3138132925.2213287
simd_par_better,24576,6330.149,361344.5687989965
native,25344,76085.16,1322710.9743995667
native_with_size_hint,25344,76019.639,216867.11067962646
simd_f32x8,25344,15774.239,57859.851879030466
simd_f32x16,25344,7918.644,23608.91726399213
simd_unrolled4_f32x8,25344,6421.188,298895.480655998
simd_unrolled4_f32x16,25344,6399.991,96155.2089190036
native_par,25344,288916.571,10145019911.950958
simd_par,25344,141147.35,13513142697.067497
simd_par_better,25344,6579.823,475423.26567099243
native,26112,78420.227,7472837.121470451
native_with_size_hint,26112,78492.039,1130063.6634788513
simd_f32x8,26112,16394.504,220882.08998394012
simd_f32x16,26112,8836.636,207765.44750399888
simd_unrolled4_f32x8,26112,7579.099,715355.3691989928
simd_unrolled4_f32x16,26112,7698.078,996590.0279159918
native_par,26112,294511.442,39918148401.19864
simd_par,26112,138373.565,9709758658.425774
simd_par_better,26112,6688.434,474936.753643997
native,26880,80682.24,944212.5823993683
native_with_size_hint,26880,80638.877,285846.10187244415
simd_f32x8,26880,16736.107,39669.25755101442
simd_f32x16,26880,8393.856,71832.55526401103
simd_unrolled4_f32x8,26880,6779.311,88509.01427900046
simd_unrolled4_f32x16,26880,6824.183,330205.8395109996
native_par,26880,272247.233,6483663078.29071
simd_par,26880,137067.96,525377040.5184059
simd_par_better,26880,6920.912,422490.3362559974
native,27648,82956.838,542308.5637559891
native_with_size_hint,27648,82972.232,674004.6261749268
simd_f32x8,27648,17229.519,324592.4296390414
simd_f32x16,27648,8664.348,11103.906896010041
simd_unrolled4_f32x8,27648,6921.022,80792.57351599634
simd_unrolled4_f32x16,27648,6918.303,42297.93719100207
native_par,27648,266017.705,1824048133.7479553
simd_par,27648,146696.597,3642618031.742588
simd_par_better,27648,7084.749,377715.89799900353
native,28416,85261.114,549130.2850036621
native_with_size_hint,28416,85261.039,433323.7614784241
simd_f32x8,28416,17694.427,51211.19467097521
simd_f32x16,28416,8870.312,49811.79065601528
simd_unrolled4_f32x8,28416,7119.744,50297.63046400249
simd_unrolled4_f32x16,28416,7126.072,111166.33881599456
native_par,28416,276736.247,10390228558.228012
simd_par,28416,141900.522,1462585877.3655167
simd_par_better,28416,7282.313,429833.4970309958
native,29184,87574.109,614555.4271192551
native_with_size_hint,29184,87557.817,363245.0975112915
simd_f32x8,29184,18172.557,51325.724750995636
simd_f32x16,29184,9101.37,63451.393099978566
simd_unrolled4_f32x8,29184,7300.145,108325.79397498816
simd_unrolled4_f32x16,29184,7289.472,522.4492160007358
native_par,29184,277478.877,3377639935.181885
simd_par,29184,144473.394,984008410.9667664
simd_par_better,29184,7606.905,350298.5359750092
native,29952,89917.28,1764015.0016002655
native_with_size_hint,29952,89910.118,1020809.1480751038
simd_f32x8,29952,18705.971,696824.6161589622
simd_f32x16,29952,9376.635,256397.40177500248
simd_unrolled4_f32x8,29952,7583.027,297301.21027100086
simd_unrolled4_f32x16,29952,7578.35,150492.56749999523
native_par,29952,279359.713,6847812818.124634
simd_par,29952,152234.353,49730538975.03839
simd_par_better,29952,7661.025,54086.40437500179
native,30720,92221.72,1832950.6415996552
native_with_size_hint,30720,92186.4,659783.0400009155
simd_f32x8,30720,19130.1,51808.41000008583
simd_f32x16,30720,9594.085,180701.64777502418
simd_unrolled4_f32x8,30720,7706.546,121515.80388399214
simd_unrolled4_f32x16,30720,7691.227,42310.527470998466
native_par,30720,274477.591,2417866231.205719
simd_par,30720,140799.802,455632910.5587959
simd_par_better,30720,7838.127,231158.7648709938
native,31488,94472.712,416299.53305625916
native_with_size_hint,31488,94462.986,263892.45780181885
simd_f32x8,31488,19627.316,172988.1201440692
simd_f32x16,31488,9814.494,376.70996399223804
simd_unrolled4_f32x8,31488,7875.788,54815.55105600506
simd_unrolled4_f32x16,31488,7882.189,138966.41927900165
native_par,31488,276836.68,2424235020.937607
simd_par,31488,139116.564,315133561.7499008
simd_par_better,31488,8064.273,115163.90847099572
native,32256,96792.634,615223.028043747
native_with_size_hint,32256,96783.757,430805.12795066833
simd_f32x8,32256,20105.11,120627.93790000677
simd_f32x16,32256,10059.029,9456.268158987164
simd_unrolled4_f32x8,32256,8084.869,90187.42383900285
simd_unrolled4_f32x16,32256,8085.15,74042.20750000328
native_par,32256,273037.051,1696190690.4524078
simd_par,32256,138351.397,226672684.35139084
simd_par_better,32256,8261.477,523874.701470986
native,33024,99118.239,916009.7798786163
native_with_size_hint,33024,99121.84,2049235.0144004822
simd_f32x8,33024,20582.868,61480.946576058865
simd_f32x16,33024,10314.49,50654.50990000367
simd_unrolled4_f32x8,33024,8287.798,106014.39319598675
simd_unrolled4_f32x16,33024,8295.916,260434.68494401872
native_par,33024,288386.669,34765123587.29544
simd_par,33024,152425.361,4430481398.378677
simd_par_better,33024,8444.028,45073.58721600473
native,33792,101407.237,724112.6688327789
native_with_size_hint,33792,101455.756,1642186.232465744
simd_f32x8,33792,21060.992,57847.62393605709
simd_f32x16,33792,10546.108,36139.86433599889
simd_unrolled4_f32x8,33792,8467.197,38290.4061910063
simd_unrolled4_f32x16,33792,8461.074,545.8125239908695
native_par,33792,297304.037,39129894019.46562
simd_par,33792,161736.341,177026352999.19073
simd_par_better,33792,8624.677,68002.52867101133
native,34560,103711.952,703998.2776947021
native_with_size_hint,34560,103743.6,1570143.8399982452
simd_f32x8,34560,21545.073,207681.23167097569
simd_f32x16,34560,10790.699,106871.95239898562
simd_unrolled4_f32x8,34560,8667.625,218690.71437500417
simd_unrolled4_f32x16,34560,8664.067,113887.2725110203
native_par,34560,289055.962,8307065124.612564
simd_par,34560,153268.303,1573099125.9571877
simd_par_better,34560,8800.001,60811.55899898708
native,35328,105988.96,315513.3183994293
native_with_size_hint,35328,105995.6,357299.0399990082
simd_f32x8,35328,22026.593,91845.89935100079
simd_f32x16,35328,11026.021,40559.846558988094
simd_unrolled4_f32x8,35328,8848.119,50610.80283899605
simd_unrolled4_f32x16,35328,8841.16,685.0544000118971
native_par,35328,285159.29,2263723016.6459045
simd_par,35328,171360.718,183799097900.40646
simd_par_better,35328,9069.114,444668.9810039997
native,36096,108335.516,877177.1777420044
native_with_size_hint,36096,108323.68,720261.6576004028
simd_f32x8,36096,22508.384,85729.12454408407
simd_f32x16,36096,11277.188,98969.74465599656
simd_unrolled4_f32x8,36096,9057.634,126229.0480439961
simd_unrolled4_f32x16,36096,9049.357,50132.609551012516
native_par,36096,317335.82,121004761018.7476
simd_par,36096,156371.849,1292193408.3521996
simd_par_better,36096,9303.069,782405.6322390139
native,36864,110677.519,2501379.605638504
native_with_size_hint,36864,110618.317,446637.5305118561
simd_f32x8,36864,22987.064,81647.11590403318
simd_f32x16,36864,11518.282,92929.92647603154
simd_unrolled4_f32x8,36864,9249.8,121796.76000000536
simd_unrolled4_f32x16,36864,9241.397,61922.851390987635
native_par,36864,291510.077,5049295212.617065
simd_par,36864,153799.114,580807183.4210014
simd_par_better,36864,9430.066,101541.28964398801
native,37632,112962.719,1421816.7680397034
native_with_size_hint,37632,112913.438,417489.90215682983
simd_f32x8,37632,23460.21,76363.58590006828
simd_f32x16,37632,11748.498,99813.36599603295
simd_unrolled4_f32x8,37632,9426.393,237815.01655100286
simd_unrolled4_f32x16,37632,9408.194,522.784364014864
native_par,37632,297884.31,24130202764.033905
simd_par,37632,155456.727,820173964.8004684
simd_par_better,37632,9648.594,1055119.0691640228
native,38400,115230.477,656341.5554695129
native_with_size_hint,38400,115224.439,445098.5762786865
simd_f32x8,38400,23944.792,139162.36473596096
simd_f32x16,38400,11991.626,89497.93012398481
simd_unrolled4_f32x8,38400,9624.276,57338.35982400179
simd_unrolled4_f32x16,38400,9621.798,30479.80919599533
native_par,38400,293139.673,4395591880.700058
simd_par,38400,156674.56,505179877.32640076
simd_par_better,38400,9900.256,1478623.6784640104
native,39168,117555.233,863135.2027111053
native_with_size_hint,39168,117562.718,1045448.9344787598
simd_f32x8,39168,24441.196,304641.2535840273
simd_f32x16,39168,12239.552,95919.84729599953
simd_unrolled4_f32x8,39168,9827.112,74323.66745601594
simd_unrolled4_f32x16,39168,9842.156,268568.15566398203
native_par,39168,292932.237,3183772077.49881
simd_par,39168,157861,3022023565.6800003
simd_par_better,39168,10071.319,602382.4412390143
native,39936,119855.8,822455.9599990845
native_with_size_hint,39936,119848.6,639396.4399986267
simd_f32x8,39936,24919.499,245168.04999899864
simd_f32x16,39936,12480.639,116538.9926789999
simd_unrolled4_f32x8,39936,10022.235,76219.04977497458
simd_unrolled4_f32x16,39936,10036.317,254769.31851102412
native_par,39936,296861.404,4797161733.344788
simd_par,39936,160118.722,696823888.2447128
simd_par_better,39936,10304.341,693903.3347189873
native,40704,122170.399,1103485.541797638
native_with_size_hint,40704,122146.039,648059.6514778137
simd_f32x8,40704,25393.391,238833.25011897087
simd_f32x16,40704,12704.06,120073.97640001774
simd_unrolled4_f32x8,40704,10190.072,169219.84281599522
simd_unrolled4_f32x16,40704,10187.511,112835.95387898386
native_par,40704,290331.319,1471881365.121231
simd_par,40704,157064.394,1281721048.7387657
simd_par_better,40704,10398.275,694999.5493750125
native,41472,124467.234,874226.7952442169
native_with_size_hint,41472,124452.52,617563.2495994568
simd_f32x8,41472,25875.517,239335.14571094513
simd_f32x16,41472,12950.016,103119.58374401927
simd_unrolled4_f32x8,41472,10473.959,3804943.747318983
simd_unrolled4_f32x16,41472,10379.957,6454.281150996685
native_par,41472,301633.644,33313627730.357285
simd_par,41472,158543.029,994190009.3961563
simd_par_better,41472,10628.639,582118.648679018
native,42240,126765.8,775788.7599983215
native_with_size_hint,42240,126756.639,418564.78467941284
simd_f32x8,42240,26358.429,218240.78295898438
simd_f32x16,42240,13195.507,62518.585951030254
simd_unrolled4_f32x8,42240,10575.954,32146.595884010196
simd_unrolled4_f32x16,42240,10569.799,1003.100598976016
native_par,42240,315305.886,9600867669.149002
simd_par,42240,160401.365,943410135.2117805
simd_par_better,42240,10955.514,1632406.6418040097
native,43008,129096.663,1180436.041431427
native_with_size_hint,43008,129050.472,389692.5852165222
simd_f32x8,43008,26826.193,67511.8137511015
simd_f32x16,43008,13437.428,91537.4368160069
simd_unrolled4_f32x8,43008,10777.99,58229.24989999831
simd_unrolled4_f32x16,43008,10811.072,296950.37881599367
native_par,43008,299334.198,5302922474.778809
simd_par,43008,160143.646,976364114.6606827
simd_par_better,43008,10998.437,742197.6800310016
native,43776,131388.154,897092.6382827759
native_with_size_hint,43776,131375.511,749539.3378791809
simd_f32x8,43776,27306.911,131289.56707906723
simd_f32x16,43776,13662.661,70633.81807899475
simd_unrolled4_f32x8,43776,10954.635,57459.22177499533
simd_unrolled4_f32x16,43776,11014.234,655314.6792439967
native_par,43776,294384.681,3168552158.727249
simd_par,43776,169631.311,60594757734.63028
simd_par_better,43776,11131.433,57959.173510983586
native,44544,133691.16,982744.2544021606
native_with_size_hint,44544,133689.836,880943.897102356
simd_f32x8,44544,27810.671,146792.01875901222
simd_f32x16,44544,13962.926,85514.79252400994
simd_unrolled4_f32x8,44544,11421.836,80204.47310401499
simd_unrolled4_f32x16,44544,11502.52,492483.2495999783
native_par,44544,299282.674,4749739559.055725
simd_par,44544,162353.112,1179754377.1634598
simd_par_better,44544,11627.915,1233056.237774998
native,45312,136028.319,3723408.5152397156
native_with_size_hint,45312,135975,577805.4000015259
simd_f32x8,45312,28316.04,974815.6383999586
simd_f32x16,45312,14216.181,758209.9942390025
simd_unrolled4_f32x8,45312,11886.957,687843.2031509876
simd_unrolled4_f32x16,45312,11814.315,116316.68577498198
native_par,45312,299578.562,2792395271.1701813
simd_par,45312,167751.719,49057022749.146034
simd_par_better,45312,12055.381,117020.28383898735
native,46080,138539.516,18791783.84974289
native_with_size_hint,46080,138277.038,588583.3885574341
simd_f32x8,46080,28783.155,677684.69097507
simd_f32x16,46080,14397.349,284426.62319901586
simd_unrolled4_f32x8,46080,11981.957,96553.09315100312
simd_unrolled4_f32x16,46080,11990.318,262290.26087602973
native_par,46080,317117.555,43991379421.02696
simd_par,46080,164519.085,1881280247.0377808
simd_par_better,46080,12306.214,772705.2122040093
native,46848,140604.792,951882.3247413635
native_with_size_hint,46848,140618.152,964033.3128967285
simd_f32x8,46848,29239.547,336383.8477910757
simd_f32x16,46848,14643.62,85503.03559997678
simd_unrolled4_f32x8,46848,12204.872,146036.27161601186
simd_unrolled4_f32x16,46848,12207.071,164742.1699590087
native_par,46848,302083.322,3562880800.6823273
simd_par,46848,165856.813,6272472549.110031
simd_par_better,46848,13113.743,953834.5869509876
native,47616,143405.356,1572945.317264557
native_with_size_hint,47616,143218.948,1590967.3052978516
simd_f32x8,47616,29877.871,532999.4363590479
simd_f32x16,47616,15532.767,506282.6367110014
simd_unrolled4_f32x8,47616,13232.016,717621.9597440064
simd_unrolled4_f32x16,47616,13296.87,648263.7330999672
native_par,47616,299949.083,3746884343.7361145
simd_par,47616,171470.433,54525498918.439514
simd_par_better,47616,12675.289,477509.1174789965
native,48384,145228.779,729013.4701538086
native_with_size_hint,48384,145231.713,850664.8126373291
simd_f32x8,48384,30206.158,117973.08103609085
simd_f32x16,48384,15120.004,57684.35598400235
simd_unrolled4_f32x8,48384,12803.78,892680.8515999615
simd_unrolled4_f32x16,48384,12690.869,50917.87583899498
native_par,48384,316133.674,7870642715.547714
simd_par,48384,166864.95,2177505070.347496
simd_par_better,48384,12995.139,932086.1916790307
native,49152,147564.153,1830170.039592743
native_with_size_hint,49152,147524.317,1250858.6465110779
simd_f32x8,49152,30676.852,120735.47809612751
simd_f32x16,49152,15353.276,50349.791824012995
simd_unrolled4_f32x8,49152,12622.118,45150.63607600331
simd_unrolled4_f32x16,49152,12621.954,47016.74788400531
native_par,49152,302949.843,4020059594.232361
simd_par,49152,169755.487,2394333064.5458336
simd_par_better,49152,13011.535,1162904.36877501
native,49920,149909.436,3096641.445907593
native_with_size_hint,49920,149831.08,1005099.6336021423
simd_f32x8,49920,31152.836,101632.08110404015
simd_f32x16,49920,15634.256,174565.79046401381
simd_unrolled4_f32x8,49920,13067.314,469806.6714039743
simd_unrolled4_f32x16,49920,13073.672,438471.72441598773
native_par,49920,301948.033,2918569505.3979034
simd_par,49920,170613.396,20209959754.911182
simd_par_better,49920,16238.196,569038.3895840049
native,50688,152628.691,21535055.095523834
native_with_size_hint,50688,152166.636,4086760.047504425
simd_f32x8,50688,31643.076,165667.142223835
simd_f32x16,50688,15845.532,231393.22497603297
simd_unrolled4_f32x8,50688,13004.959,166138.52931895852
simd_unrolled4_f32x16,50688,12998.477,143405.76347097754
native_par,50688,303321.92,4329683276.913605
simd_par,50688,168134,4094767965.3199997
simd_par_better,50688,13188.233,627408.6247110069
native,51456,154476.929,1197448.439956665
native_with_size_hint,51456,154693.402,23089553.3843956
simd_f32x8,51456,32142.636,247123.8155040741
simd_f32x16,51456,16118.341,428094.7467189729
simd_unrolled4_f32x8,51456,13871.016,371219.63174402714
simd_unrolled4_f32x16,51456,13848.101,443932.55279898643
native_par,51456,318470.201,19153193841.058594
simd_par,51456,171276.717,2709363473.5049095
simd_par_better,51456,14375.503,2005774.0339909792
native,52224,156820.936,1696439.9479064941
native_with_size_hint,52224,156855.078,1930257.9759140015
simd_f32x8,52224,32683.63,619271.9930999279
simd_f32x16,52224,17017.683,716240.7085109949
simd_unrolled4_f32x8,52224,15130.593,197097.1953509748
simd_unrolled4_f32x16,52224,15215.916,606594.964944005
native_par,52224,314380.671,9726265653.958786
simd_par,52224,168735.435,3502990226.8457756
simd_par_better,52224,15392.818,765734.3208760023
native,52992,159981.87,1594527.3931007385
native_with_size_hint,52992,159508.448,1641433.463294983
simd_f32x8,52992,33078.302,103145.77479577065
simd_f32x16,52992,16583.359,218336.79811900854
simd_unrolled4_f32x8,52992,14118.473,80554.23527100682
simd_unrolled4_f32x16,52992,14114.909,71450.97271901369
native_par,52992,310780.154,10917672979.062302
simd_par,52992,171258.838,10571559337.411762
simd_par_better,52992,14317.389,945507.3936790228
native,53760,161707.038,9436417.908554077
native_with_size_hint,53760,161593.457,5087742.412155151
simd_f32x8,53760,33750.999,1009334.8229987621
simd_f32x16,53760,17100.759,225497.14491909742
simd_unrolled4_f32x8,53760,14901.88,173474.8656000197
simd_unrolled4_f32x16,53760,14847.956,206287.50606399775
native_par,53760,303421.396,3507045586.3351746
simd_par,53760,170456.003,3435459262.7409935
simd_par_better,53760,18155.52,328526515.64959997
native,54528,167916.297,1237197681.110794
native_with_size_hint,54528,165788.677,585438665.4726715
simd_f32x8,54528,34986.466,231930113.48484397
simd_f32x16,54528,19224.144,365263187.08326405
simd_unrolled4_f32x8,54528,15912.522,31678414.35751599
simd_unrolled4_f32x16,54528,15697.366,657568.0560439825
native_par,54528,317581.521,11183920376.165558
simd_par,54528,172885.12,1964660750.8656006
simd_par_better,54528,15588.762,777227.105355978
native,55296,165993.113,869461.136226654
native_with_size_hint,55296,165993.189,1042217.8612747192
simd_f32x8,55296,34561.308,105882.14113616943
simd_f32x16,55296,17538.153,147615.9155910015
simd_unrolled4_f32x8,55296,15078.906,76191.8571639657
simd_unrolled4_f32x16,55296,14980.35,59906.44749999046
native_par,55296,311572.834,5025068231.574463
simd_par,55296,175860.81,33173980280.4139
simd_par_better,55296,16292.099,1407041.9151989818
native,56064,168345.232,1487510.074180603
native_with_size_hint,56064,168388.19,3725200.1338996887
simd_f32x8,56064,35058.403,926723.2065911293
simd_f32x16,56064,17703.88,153146.54559999704
simd_unrolled4_f32x8,56064,15065.872,229038.48761603236
simd_unrolled4_f32x16,56064,14979.517,217385.4097110033
native_par,56064,311014.722,5539112443.060715
simd_par,56064,177880.857,88343265333.92856
simd_par_better,56064,15383.69,473789.93389996886
native,56832,170889.238,1526387.7013511658
native_with_size_hint,56832,170764.439,794244.4562759399
simd_f32x8,56832,35596.363,220528.08923125267
simd_f32x16,56832,19026.507,469534.19195097685
simd_unrolled4_f32x8,56832,16497.076,945011.6542239785
simd_unrolled4_f32x16,56832,16085.796,446921.5303839743
native_par,56832,312311.397,12763680938.35138
simd_par,56832,168174.715,605683109.9937782
simd_par_better,56832,16478.27,451434.4171000123
native,57600,173075.64,698827.3903961182
native_with_size_hint,57600,173100.2,687459.1599960327
simd_f32x8,57600,36214.4,178285.4399998188
simd_f32x16,57600,18413.038,118386.49255603552
simd_unrolled4_f32x8,57600,16386.873,244607.12887102365
simd_unrolled4_f32x16,57600,16267.583,260357.35511097312
native_par,57600,307571.721,2648508289.937149
simd_par,57600,168506.652,797658470.018898
simd_par_better,57600,19353.735,222610579.694775
native,58368,178834.787,969668700.4376259
native_with_size_hint,58368,177459.581,670829165.003437
simd_f32x8,58368,36941.32,159196641.45759988
simd_f32x16,58368,19557.516,190509869.753744
simd_unrolled4_f32x8,58368,16985.507,2860859.485950947
simd_unrolled4_f32x16,58368,16409.195,718984.3369749784
native_par,58368,315465.311,7841206075.642288
simd_par,58368,170743.689,1427275400.862278
simd_par_better,58368,16514.361,573464.4006789923
native,59136,177536.149,710764.980796814
native_with_size_hint,59136,177531.585,690351.4827804565
simd_f32x8,59136,37020.873,2122143.2848711014
simd_f32x16,59136,19434.145,636274.1339749694
simd_unrolled4_f32x8,59136,17217.874,842155.4061239958
simd_unrolled4_f32x16,59136,17017.435,872836.4257749319
native_par,59136,318735.078,15641235888.855927
simd_par,59136,171213.339,975691260.4920769
simd_par_better,59136,17575.746,1205148.6774840355
native,59904,180073.276,3546983.511817932
native_with_size_hint,59904,180020.065,1126226.7707748413
simd_f32x8,59904,37600.781,145394.36903858185
simd_f32x16,59904,19046.343,96971.30335098505
simd_unrolled4_f32x8,59904,16698.62,77697.95560002327
simd_unrolled4_f32x16,59904,16594.46,71002.84840005636
native_par,59904,312693.318,3494722595.872864
simd_par,59904,175802.254,1843842576.4654884
simd_par_better,59904,17125.636,1865558.359504044
native,60672,182259.302,1307656.0907974243
native_with_size_hint,60672,182329.53,879403.5290985107
simd_f32x8,60672,38003.258,235675.3274357319
simd_f32x16,60672,19299.302,55880.57079601288
simd_unrolled4_f32x8,60672,16887.584,88981.7789440155
simd_unrolled4_f32x16,60672,16818.186,155135.92340397835
native_par,60672,312518.081,3130193292.916443
simd_par,60672,174459.882,2502242595.3840714
simd_par_better,60672,17323.181,505398.9002389908
native,61440,184634.741,1127915.7219161987
native_with_size_hint,61440,184607.178,1064498.8183135986
simd_f32x8,61440,38602.188,287136.4246559143
simd_f32x16,61440,19586.467,119029.59091097116
simd_unrolled4_f32x8,61440,17198.066,61827.39364403486
simd_unrolled4_f32x16,61440,17112.224,54214.02982401848
native_par,61440,310918.477,3866752964.123459
simd_par,61440,176770.787,4387261479.293625
simd_par_better,61440,20341.318,1251538.1448760033
native,62208,188542.254,17568318.54548645
native_with_size_hint,62208,186836.21,1287394.8658981323
simd_f32x8,62208,38972.252,537049.036495924
simd_f32x16,62208,20028.252,1539245.1324959993
simd_unrolled4_f32x8,62208,17559.636,688427.9915040731
simd_unrolled4_f32x16,62208,17502.244,1936562.680464089
native_par,62208,313860.992,7885181167.143921
simd_par,62208,179991.547,11991904007.719791
simd_par_better,62208,18379.505,1316318.3299749494
native,62976,189204.966,1794433.5328521729
native_with_size_hint,62976,189129.632,1911310.4725723267
simd_f32x8,62976,39386.602,226155.17159628868
simd_f32x16,62976,19965.244,156085.89646404982
simd_unrolled4_f32x8,62976,17920.918,97602.55927598476
simd_unrolled4_f32x16,62976,17862.004,175135.77998399734
native_par,62976,314398.873,3680226418.216858
simd_par,62976,172040.912,2255816701.9362526
simd_par_better,62976,22162.833,6631910.341111064
native,63744,192793.526,12571695.881317139
native_with_size_hint,63744,191670.538,11834223.852554321
simd_f32x8,63744,39980.144,305031.195264101
simd_f32x16,63744,20204.276,58699.719823896885
simd_unrolled4_f32x8,63744,18251.333,195928.1501110196
simd_unrolled4_f32x16,63744,18147.534,66992.94484400749
native_par,63744,335193.32,20205253902.457596
simd_par,63744,179746.933,9637533840.96051
simd_par_better,63744,18919.9,1627217.5699999332
native,64512,193926.035,2681307.263771057
native_with_size_hint,64512,193853.078,1348720.8879089355
simd_f32x8,64512,40460.701,166047.2475988865
simd_f32x16,64512,20517.776,271855.95782393217
simd_unrolled4_f32x8,64512,18611.69,67958.65390002728
simd_unrolled4_f32x16,64512,18590.533,300628.3229110241
native_par,64512,315328.403,9939065772.146591
simd_par,64512,173477.28,1089384923.6816025
simd_par_better,64512,21131.821,184498082.48295897
native,65280,199285.531,676910156.4770432
native_with_size_hint,65280,196063.837,1738913.4404296875
simd_f32x8,65280,40783.278,200706.81671619415
simd_f32x16,65280,21401.882,668621.3760759234
simd_unrolled4_f32x8,65280,19501.32,924665.5776000023
simd_unrolled4_f32x16,65280,19358.695,985386.8819750547
native_par,65280,327041.637,8865829115.283249
simd_par,65280,176423.518,3303776787.3456764
simd_par_better,65280,19020.349,653635.8091990352
native,66048,198437.223,1696473.1052703857
native_with_size_hint,66048,198435.048,1461618.469696045
simd_f32x8,66048,41406.448,316089.8152964115
simd_f32x16,66048,20903.256,185138.22246396542
simd_unrolled4_f32x8,66048,18532.613,100353.6592309475
simd_unrolled4_f32x16,66048,18458.488,205786.06585592031
native_par,66048,320210.124,3224942843.7806244
simd_par,66048,190590.88,90277146848.78561
simd_par_better,66048,20515.536,902361.7367039919
native,66816,201448.51,2424628.949897766
native_with_size_hint,66816,201397.913,1871446.7314300537
simd_f32x8,66816,42658.504,729947.4979839325
simd_f32x16,66816,22079.836,487783.37710398436
simd_unrolled4_f32x8,66816,20403.27,497990.79710000753
simd_unrolled4_f32x16,66816,20322.628,629119.7056159973
native_par,66816,329024.383,13680167718.486328
simd_par,66816,183406.228,1108514339.7440147
simd_par_better,66816,20822.99,989984.7498999834
native,67584,203861.144,1736387.7472610474
native_with_size_hint,67584,203835.022,1590771.9975128174
simd_f32x8,67584,43195.091,514396.61071896553
simd_f32x16,67584,22418.435,171766.11577492952
simd_unrolled4_f32x8,67584,20746.707,455051.5091510415
simd_unrolled4_f32x16,67584,20683.109,383204.7051190138
native_par,67584,324073.49,20240477452.129913
simd_par,67584,183135.918,1265398763.2992744
simd_par_better,67584,19746.438,460054.1941561103
native,68352,205241.681,1729913.053237915
native_with_size_hint,68352,205164.924,750746.350227356
simd_f32x8,68352,42735.328,863563.4044158459
simd_f32x16,68352,21586.071,152221.91195899248
simd_unrolled4_f32x8,68352,19656.887,75033.66223108768
simd_unrolled4_f32x16,68352,19585.33,133554.10109990835
native_par,68352,325875.392,4569399757.534348
simd_par,68352,187244.235,1952240337.46978
simd_par_better,68352,20041.447,513552.1791909933
native,69120,207553.546,1534361.1598815918
native_with_size_hint,69120,207577.096,1680537.6707839966
simd_f32x8,69120,43180.472,434730.3852159977
simd_f32x16,69120,21863.77,156025.81709998846
simd_unrolled4_f32x8,69120,20194.923,124516.50107103586
simd_unrolled4_f32x16,69120,20113.767,175419.1827110052
native_par,69120,340314.399,175331182651.8698
simd_par,69120,193769.441,51253075268.50652
simd_par_better,69120,20477.317,598583.2445110679
native,69888,209827.502,939995.2579956055
native_with_size_hint,69888,209834.699,842490.6403961182
simd_f32x8,69888,43780.56,6125225.486400366
simd_f32x16,69888,22213.891,498558.66911900043
simd_unrolled4_f32x8,69888,20524.329,120973.69075894356
simd_unrolled4_f32x16,69888,20448.579,70630.34175896645
native_par,69888,331013.157,6322864008.776337
simd_par,69888,183931.243,562838509.3919563
simd_par_better,69888,21121.358,1009884.2778359652
native,70656,212111.425,1387178.9643859863
native_with_size_hint,70656,212099.704,961162.1683883667
simd_f32x8,70656,44155.285,254348.84377479553
simd_f32x16,70656,22309.085,58991.137775063515
simd_unrolled4_f32x8,70656,20816.493,174075.60795104504
simd_unrolled4_f32x16,70656,20717.895,85380.55397498608
native_par,70656,324740.566,2440731619.473648
simd_par,70656,187100.358,1398945676.153839
simd_par_better,70656,21156.991,581122.1149188876
native,71424,214464.693,3134176.2027511597
native_with_size_hint,71424,214398.81,1283689.3339004517
simd_f32x8,71424,44633.394,477676.24676418304
simd_f32x16,71424,22337.897,109538.68039101362
simd_unrolled4_f32x8,71424,21156.388,58601.12545603514
simd_unrolled4_f32x16,71424,21179.334,146870.62244403362
native_par,71424,336254.199,13814015152.429382
simd_par,71424,195117.124,40638273651.68462
simd_par_better,71424,21443.086,540995.3106040359
native,72192,216726.622,1231138.007118225
native_with_size_hint,72192,216726.102,1313840.703590393
simd_f32x8,72192,45113.735,111599.09477472305
simd_f32x16,72192,22662.077,102914.04907095432
simd_unrolled4_f32x8,72192,21316.796,102242.53838407993
simd_unrolled4_f32x16,72192,21350.759,91679.40491908789
native_par,72192,345963.448,12896195254.863312
simd_par,72192,259856.774,97740154667.85892
simd_par_better,72192,25121.748,847055775.876496
native,72960,223480.153,894483888.0235977
native_with_size_hint,72960,221029.865,782512627.3367767
simd_f32x8,72960,45717.239,680885.7778789997
simd_f32x16,72960,23813.35,1488890.5475000143
simd_unrolled4_f32x8,72960,22283.882,2963226.648075938
simd_unrolled4_f32x16,72960,22307.784,1429767.9853440523
native_par,72960,377643.281,61262512148.79404
simd_par,72960,195966.04,5221515640.198402
simd_par_better,72960,23920.027,4268060.772271037
native,73728,222138.682,39706138.14087677
native_with_size_hint,73728,222639.488,53926297.28984833
simd_f32x8,73728,46796.522,9442339.22151661
simd_f32x16,73728,24592.505,3203293.6399749517
simd_unrolled4_f32x8,73728,23003.554,1298169.4950839877
simd_unrolled4_f32x16,73728,23232.087,2297359.977431059
native_par,73728,397472.131,115557087612.50784
simd_par,73728,223756.557,187055038434.90875
simd_par_better,73728,23034.292,1782518.566735983
native,74496,223916.341,10043333.190719604
native_with_size_hint,74496,223855.856,8452985.25126648
simd_f32x8,74496,46629.283,627317.5829105377
simd_f32x16,74496,23471.011,407881.9468790293
simd_unrolled4_f32x8,74496,22266.89,623174.2379000187
simd_unrolled4_f32x16,74496,22169.568,87790.4053760171
native_par,74496,334880.196,10426879897.12558
simd_par,74496,200481.687,191723090496.78705
simd_par_better,74496,24298.47,2201032.669099927
native,75264,226075.595,1738750.2009735107
native_with_size_hint,75264,226077.093,1493970.2163543701
simd_f32x8,75264,47543.67,7943408.901100159
simd_f32x16,75264,28136.52,2304051.9296000004
simd_unrolled4_f32x8,75264,26128.549,5178079.605599046
simd_unrolled4_f32x16,75264,26430.706,6262553.835564017
native_par,75264,366608.83,48170535252.56108
simd_par,75264,202142.238,167885047996.23334
simd_par_better,75264,22612.682,1889331.5248759985
native,76032,228468.229,2238573.0545578003
native_with_size_hint,76032,228489.811,7364404.573287964
simd_f32x8,76032,47763.652,630749.0908956528
simd_f32x16,76032,25031.078,1196892.5999159813
simd_unrolled4_f32x8,76032,23716.136,1169081.1735041142
simd_unrolled4_f32x16,76032,23623.413,989915.0584310293
native_par,76032,375726.157,371933987257.01434
simd_par,76032,246489.665,220612634565.8428
simd_par_better,76032,23495.355,4055491.468974948
native,76800,230857.961,4136050.801475525
native_with_size_hint,76800,230877.198,2554477.9507904053
simd_f32x8,76800,49243.478,1464541.9455156326
simd_f32x16,76800,24885.855,1831867.1839749813
simd_unrolled4_f32x8,76800,22938.531,1356472.3110390306
simd_unrolled4_f32x16,76800,22808.196,1121982.3095840216
native_par,76800,382063.584,85731225993.93094
simd_par,76800,211779.358,11996320629.789833
simd_par_better,76800,24317.422,1721023.171916008
native,153600,461807.776,4530990.517822266
native_with_size_hint,153600,461510.168,2148696.483795166
simd_f32x8,153600,96788.064,16748885.507904053
simd_f32x16,153600,49790.355,4637399.578974724
simd_unrolled4_f32x8,153600,50473.159,9180023.641718864
simd_unrolled4_f32x16,153600,50242.561,1290378.200278759
native_par,153600,411185.044,52270114903.23407
simd_par,153600,218866.163,4566562083.614433
simd_par_better,153600,52891.37,1997718.2330999374
native,230400,692592.093,9058028.786315918
native_with_size_hint,230400,692323.469,6187841.256958008
simd_f32x8,230400,145065.591,2303629.9497261047
simd_f32x16,230400,78762.568,1879660.0373754501
simd_unrolled4_f32x8,230400,80085.157,2094940.6083498
simd_unrolled4_f32x16,230400,79807.769,1740389.873638153
native_par,230400,418894.714,6033044763.944214
simd_par,230400,243612.321,10480952340.631966
simd_par_better,230400,82038.661,25718819.546079636
native,307200,922989.821,5873128.246948242
native_with_size_hint,307200,922984.676,9101176.779052734
simd_f32x8,307200,192764.13,947611.8531036377
simd_f32x16,307200,106166.884,3732177.2865428925
simd_unrolled4_f32x8,307200,108023.556,3619755.47886467
simd_unrolled4_f32x16,307200,107850.519,3255278.591638565
native_par,307200,485985.679,90510659496.54996
simd_par,307200,251499.36,2560381360.910408
simd_par_better,307200,107295.834,2079084.570444107
native,384000,1153333.075,5135210.689453125
native_with_size_hint,384000,1153682.766,7702498.343017578
simd_f32x8,384000,241583.895,23342886.973983765
simd_f32x16,384000,127880.611,1716370.6156787872
simd_unrolled4_f32x8,384000,130122.192,1728021.8031368256
simd_unrolled4_f32x16,384000,133512.422,23242863.751918793
native_par,384000,511871.913,125409547323.04745
simd_par,384000,277132.323,94760733875.0607
simd_par_better,384000,135492.359,4628570.536121368
native,460800,1387096.62,15736011.35522461
native_with_size_hint,460800,1384926.749,13836953.501708984
simd_f32x8,460800,292464.256,4373599.310470581
simd_f32x16,460800,159517.158,30128506.405036926
simd_unrolled4_f32x8,460800,160789.683,4989956.276512146
simd_unrolled4_f32x16,460800,160249.035,4939504.213775635
native_par,460800,542138.875,199058106087.45935
simd_par,460800,311683.791,616250673271.9973
simd_par_better,460800,162452.282,5461042.590473175
native,537600,1615957.621,14958290.0390625
native_with_size_hint,537600,1615751.012,21782528.923828125
simd_f32x8,537600,337409.142,2562847.40184021
simd_f32x16,537600,185804.404,20152450.08078003
simd_unrolled4_f32x8,537600,187256.076,13654523.206222534
simd_unrolled4_f32x16,537600,186944.318,14517012.836875916
native_par,537600,557207.396,18387811052.38324
simd_par,537600,291112.187,9007898529.810043
simd_par_better,537600,188718.846,13491260.66229248
native,614400,1845973.698,25702091.58642578
native_with_size_hint,614400,1846408.732,46343266.97998047
simd_f32x8,614400,390875.49,9466626.089904785
simd_f32x16,614400,211735.142,9295014.137840271
simd_unrolled4_f32x8,614400,215459.255,10619167.469970703
simd_unrolled4_f32x16,614400,214997.606,12128175.182762146
native_par,614400,597420.246,70603062353.65344
simd_par,614400,303240.025,8267320650.694366
simd_par_better,614400,213618.379,21023536.913360596
native,691200,2076512.198,16738072.010253906
native_with_size_hint,691200,2076903.295,16092819.928222656
simd_f32x8,691200,433709.87,5137558.0730896
simd_f32x16,691200,233600.812,20733083.648651123
simd_unrolled4_f32x8,691200,237479.535,18766641.528778076
simd_unrolled4_f32x16,691200,239313.538,17959825.904556274
native_par,691200,627440.235,36762151986.62976
simd_par,691200,339127.481,32753987976.39363
simd_par_better,691200,245349.333,2105554357.7220993
native,768000,2319702.536,6609346641.913086
native_with_size_hint,768000,2323129.807,1241934884.6552734
simd_f32x8,768000,488258.868,204447529.49053955
simd_f32x16,768000,265946.395,50262124.708969116
simd_unrolled4_f32x8,768000,268148.19,22302664.73388672
simd_unrolled4_f32x16,768000,267433.872,21323632.65562439
native_par,768000,675138.242,75228783877.82745
simd_par,768000,315218.597,4081249583.474594
simd_par_better,768000,269010.78,5704523.851577759
native,844800,2537342.479,13895724.776367188
native_with_size_hint,844800,2538108.39,41921081.21777344
simd_f32x8,844800,529833.765,3090705.479736328
simd_f32x16,844800,281277.1,11296802.010009766
simd_unrolled4_f32x8,844800,290605.639,33031850.562652588
simd_unrolled4_f32x16,844800,294472.755,36787324.8349762
native_par,844800,682678.326,190235423535.5517
simd_par,844800,325293.443,4531247576.762741
simd_par_better,844800,296622.317,6110410.274536133
native,921600,2769873.228,59600202.87109375
native_with_size_hint,921600,2769447.354,59512347.28515625
simd_f32x8,921600,578127.466,6681867.192810059
simd_f32x16,921600,308301.803,59402504.266189575
simd_unrolled4_f32x8,921600,321764.754,32984426.005477905
simd_unrolled4_f32x16,921600,321036.162,36756181.867752075
native_par,921600,668099.438,34727586463.006226
simd_par,921600,341849.823,33215578034.68567
simd_par_better,921600,326049.118,52505195.50405884
native,998400,3002162.234,139074175.57421875
native_with_size_hint,998400,3002093.448,96039739.74414063
simd_f32x8,998400,635952.413,9366423.544494629
simd_f32x16,998400,344913.979,17750251.608551025
simd_unrolled4_f32x8,998400,351534.513,21148711.41984558
simd_unrolled4_f32x16,998400,350623.426,19655026.876541138
native_par,998400,758640.275,373683993351.1693
simd_par,998400,342631.27,10894083437.357086
simd_par_better,998400,351382.678,26943775.87031555
native,1075200,3234199.877,193625905.75
native_with_size_hint,1075200,3237285.34,453091115.90625
simd_f32x8,1075200,681684.567,36336521.85546875
simd_f32x16,1075200,373246.995,39871506.63497925
simd_unrolled4_f32x8,1075200,380720.472,103392830.78518677
simd_unrolled4_f32x16,1075200,391311.116,59537501.39855957
native_par,1075200,701722.064,63751372941.79584
simd_par,1075200,353223.92,20473612063.393616
simd_par_better,1075200,392984.357,32157961.29953003
native,1152000,3468253.919,55404151.541015625
native_with_size_hint,1152000,3467023.19,32166855.435546875
simd_f32x8,1152000,732919.049,21759229.286621094
simd_f32x16,1152000,407466.439,21936566.540283203
simd_unrolled4_f32x8,1152000,416141.668,17785027.10977173
simd_unrolled4_f32x16,1152000,414779.354,28533487.228668213
native_par,1152000,699519.198,15945008572.518799
simd_par,1152000,368094.754,43532773656.28546
simd_par_better,1152000,426118.105,434840798.223999
native,1228800,3702227.382,110789713.28125
native_with_size_hint,1228800,3701812.101,67680384.70703125
simd_f32x8,1228800,792608.553,71509539.13317871
simd_f32x16,1228800,450930.944,317537360.4048462
simd_unrolled4_f32x8,1228800,449366.915,57499781.82778931
simd_unrolled4_f32x16,1228800,448184.027,60678506.51626587
native_par,1228800,744569.198,30129134728.558838
simd_par,1228800,402967.159,20228271226.549713
simd_par_better,1228800,478538.798,708694183.55719
native,1305600,3945240.63,603227676.2539063
native_with_size_hint,1305600,3938436.366,102066604.34960938
simd_f32x8,1305600,836596.804,32391554.061645508
simd_f32x16,1305600,490390.879,161478435.72833252
simd_unrolled4_f32x8,1305600,499894.87,89449272.61309814
simd_unrolled4_f32x16,1305600,499198.634,89536770.10003662
native_par,1305600,746989.469,22112103428.509033
simd_par,1305600,376868.992,10173723021.911896
simd_par_better,1305600,510378.335,290523066.93273926
native,1382400,4179669.674,157824962.97851563
native_with_size_hint,1382400,4180728.956,151882554.95703125
simd_f32x8,1382400,921970.404,81879150.95275879
simd_f32x16,1382400,564468.663,84162847.96948242
simd_unrolled4_f32x8,1382400,565512.834,94404667.13439941
simd_unrolled4_f32x16,1382400,565966.578,90639953.83190918
native_par,1382400,765249.155,18529022819.590942
simd_par,1382400,384460.761,9345143386.21988
simd_par_better,1382400,568773.858,118058223.4578247
native,1459200,4420084.752,228849936.78125
native_with_size_hint,1459200,4421463.82,452881440.86328125
simd_f32x8,1459200,967714.616,26624731.83642578
simd_f32x16,1459200,594621.753,71734029.33398438
simd_unrolled4_f32x8,1459200,595614.553,169230871.21722412
simd_unrolled4_f32x16,1459200,595167.56,90943278.08636475
native_par,1459200,786283.397,52275458869.543335
simd_par,1459200,392559.642,9525858940.149841
simd_par_better,1459200,636573.114,260217938.38909912
native,1536000,4671848.237,255693961.55859375
native_with_size_hint,1536000,4669399.231,213314017.66015625
simd_f32x8,1536000,1049792.341,625214977.6386719
simd_f32x16,1536000,681742.514,465995378.68585205
simd_unrolled4_f32x8,1536000,694063.886,349724383.01293945
simd_unrolled4_f32x16,1536000,694167.311,273588585.7982788
native_par,1536000,804217.475,16349838015.22937
simd_par,1536000,405491.037,11803576621.827606
simd_par_better,1536000,699359.717,244242510.9630127
native,1612800,4915704.232,293652678.140625
native_with_size_hint,1612800,4914169.152,299112211.12890625
simd_f32x8,1612800,1116863.846,164249124.2824707
simd_f32x16,1612800,787341.949,689265313.8522949
simd_unrolled4_f32x8,1612800,786891.581,272895679.61938477
simd_unrolled4_f32x16,1612800,787378.626,276392726.486084
native_par,1612800,815537.997,11051834581.19104
simd_par,1612800,420259.561,8711896091.16629
simd_par_better,1612800,777374.145,964969292.4539795
native,1689600,5164758.956,327289800.11328125
native_with_size_hint,1689600,5164090.418,350119373.97265625
simd_f32x8,1689600,1189054.469,140632353.61889648
simd_f32x16,1689600,820629.543,431399889.9482422
simd_unrolled4_f32x8,1689600,817954.453,284056277.2578125
simd_unrolled4_f32x16,1689600,845114.665,426111754.5527344
native_par,1689600,852594.476,43328230456.409424
simd_par,1689600,423634.826,10991260402.08374
simd_par_better,1689600,858237.305,1784519328.79187
native,1766400,5519681.064,11244191989.199219
native_with_size_hint,1766400,5445687.541,4905064788.191406
simd_f32x8,1766400,1295352.821,1850244884.441162
simd_f32x16,1766400,948598.608,1392734758.774292
simd_unrolled4_f32x8,1766400,987223.495,17039472500.849976
simd_unrolled4_f32x16,1766400,998952.301,8924937053.664429
native_par,1766400,917243.843,78360398313.98828
simd_par,1766400,440472.245,13878508073.974976
simd_par_better,1766400,974458.746,5403643699.441406
native,1843200,5808713.489,41611207067.71875
native_with_size_hint,1843200,5711924.441,635573605.4414063
simd_f32x8,1843200,1374547.117,875995376.3110352
simd_f32x16,1843200,1025334.083,2153127986.826172
simd_unrolled4_f32x8,1843200,1033342.585,436394733.9727783
simd_unrolled4_f32x16,1843200,1036429.872,405266808.51171875
native_par,1843200,910325.205,93279223730.14307
simd_par,1843200,494406.082,322145307276.7273
simd_par_better,1843200,1041707.876,1013477425.5324707
native,1920000,5946612.267,818746292.2890625
native_with_size_hint,1920000,5948348.276,788415448.640625
simd_f32x8,1920000,1485516.299,458574291.04345703
simd_f32x16,1920000,1126935.716,434750086.0114746
simd_unrolled4_f32x8,1920000,1128929.637,451872721.7312012
simd_unrolled4_f32x16,1920000,1136494.126,549717489.8503418
native_par,1920000,912671.758,37934310315.7113
simd_par,1920000,466390.239,10610597035.963898
simd_par_better,1920000,1138589.699,474257281.31030273
native,1996800,6211799.002,754937471.8359375
native_with_size_hint,1996800,6209463.278,730918481.6484375
simd_f32x8,1996800,1568291.501,607907261.9858398
simd_f32x16,1996800,1213307.535,1739604573.0488281
simd_unrolled4_f32x8,1996800,1212876.574,482707307.24853516
simd_unrolled4_f32x16,1996800,1213531.5,737719179.3701172
native_par,1996800,987598.323,219801312882.74475
simd_par,1996800,494815.51,12699343340.769867
simd_par_better,1996800,1303132.656,8515461064.489746
native,2073600,6658684.664,58469857445.30469
native_with_size_hint,2073600,6586163.704,12315728091.179688
simd_f32x8,2073600,1857224.852,22312945454.88623
simd_f32x16,2073600,1528111.936,70617286016.75586
simd_unrolled4_f32x8,2073600,1390459.928,6417451561.866699
simd_unrolled4_f32x16,2073600,1486648.132,82520746639.65869
native_par,2073600,1168709.436,817374584322.126
simd_par,2073600,578419.074,258627403365.98846
simd_par_better,2073600,1418826.473,12972096122.347412
native,2150400,6795443.635,4696686463.203125
native_with_size_hint,2150400,6857203.265,27871516119.921875
simd_f32x8,2150400,1917995.369,62464974206.02539
simd_f32x16,2150400,1691653.247,101642716241.3501
simd_unrolled4_f32x8,2150400,1674573.84,55721313109.29443
simd_unrolled4_f32x16,2150400,1713356.109,88361624751.31152
native_par,2150400,1054662.007,140460190532.04492
simd_par,2150400,568652.919,31855458613.14044
simd_par_better,2150400,1690517.212,91493424327.69531
native,2227200,7147756.812,56394851701.71094
native_with_size_hint,2227200,7051543.17,6263054390.78125
simd_f32x8,2227200,1967174.544,8790375883.488281
simd_f32x16,2227200,1621673.99,33782272095.29004
simd_unrolled4_f32x8,2227200,1634435.324,51855938167.851074
simd_unrolled4_f32x16,2227200,1667812.359,46458901223.97656
native_par,2227200,1017931.044,42982737195.58606
simd_par,2227200,611498.796,12448608039.714417
simd_par_better,2227200,1692935.575,16579222159.644531
native,2304000,7331324.546,10264364137.34375
native_with_size_hint,2304000,7293868.983,2335503873.0390625
simd_f32x8,2304000,2035900.016,2719257877.583496
simd_f32x16,2304000,1744298.539,4902218957.086426
simd_unrolled4_f32x8,2304000,1808711.454,4577165752.832031
simd_unrolled4_f32x16,2304000,1831743.554,12544808224.41504
native_par,2304000,1093211.344,72579316257.12964
simd_par,2304000,669265.003,30210368759.927002
simd_par_better,2304000,1772330.257,1157427641.6567383
native,2380800,7598492.276,7146762100.1875
native_with_size_hint,2380800,7667617.216,53412773581.14844
simd_f32x8,2380800,2358751,164405350821.04004
simd_f32x16,2380800,1922277.354,31834420970.72412
simd_unrolled4_f32x8,2380800,1990635.887,30251107106.955566
simd_unrolled4_f32x16,2380800,1945528.842,5066699704.337402
native_par,2380800,1076575.324,222556394485.13086
simd_par,2380800,701786.525,24814742082.139343
simd_par_better,2380800,1938599.352,8600260866.988281
native,2457600,7845301.35,6266002182.90625
native_with_size_hint,2457600,7841975.531,4220825096.0078125
simd_f32x8,2457600,2483187.445,122991886682.32813
simd_f32x16,2457600,2129446.874,86707588691.59473
simd_unrolled4_f32x8,2457600,2116338.797,11075707260.077148
simd_unrolled4_f32x16,2457600,2136192.95,58439047812.2666
native_par,2457600,1101558.845,215585202343.10107
simd_par,2457600,788251.329,96251180879.12476
simd_par_better,2457600,2103615.001,9453333323.848633
native,2534400,8136840.743,4011946960.6640625
native_with_size_hint,2534400,8112886.442,21754088416.0625
simd_f32x8,2534400,2570304.659,78052662643.91504
simd_f32x16,2534400,2116226.192,21528606819.58789
simd_unrolled4_f32x8,2534400,2254333.21,44968542864.8457
simd_unrolled4_f32x16,2534400,2240574.04,41880493207.91797
native_par,2534400,1172987.719,127408082334.01807
simd_par,2534400,843921.327,47262474005.39197
simd_par_better,2534400,2253106.236,12630976572.555664
native,2611200,8361597.394,1807195110.4140625
native_with_size_hint,2611200,8395529.749,11676313103.453125
simd_f32x8,2611200,2707436.594,70620398959.44434
simd_f32x16,2611200,2376009.001,66282018943.86035
simd_unrolled4_f32x8,2611200,2473668.914,51865556807.02734
simd_unrolled4_f32x16,2611200,2505627.541,43477521075.59082
native_par,2611200,1340482.676,283543857634.48315
simd_par,2611200,872143.966,56901287148.30481
simd_par_better,2611200,2554157.262,207586500619.56152
native,2688000,8654626.911,7832100926.609375
native_with_size_hint,2688000,8657739.061,14229108360.53125
simd_f32x8,2688000,2823240.788,112517879255.79004
simd_f32x16,2688000,2571234.743,232723012994.78125
simd_unrolled4_f32x8,2688000,2629604.755,68460256034.115234
simd_unrolled4_f32x16,2688000,2854055.048,96406392164.62988
native_par,2688000,1355314.366,277396085693.7324
simd_par,2688000,991978.592,785024549228.2257
simd_par_better,2688000,2784086.271,193522481056.32227
native,2764800,8957479.327,28630702930.953125
native_with_size_hint,2764800,8877923.45,2477584836.296875
simd_f32x8,2764800,2781865.189,3157706914.2460938
simd_f32x16,2764800,2453113.177,2506018757.548828
simd_unrolled4_f32x8,2764800,2623895.031,4932611168.717773
simd_unrolled4_f32x16,2764800,2629371.077,9658239597.461914
native_par,2764800,1360099.652,327464908268.147
simd_par,2764800,1008025.606,73218657881.7268
simd_par_better,2764800,2638656.576,5595591024.380859
native,2841600,9197310.342,4035671788.65625
native_with_size_hint,2841600,9212605.479,4054716077.78125
simd_f32x8,2841600,2977131.233,18950100009.226563
simd_f32x16,2841600,2643918.589,19197912665.65918
simd_unrolled4_f32x8,2841600,2815274.103,18977782786.521484
simd_unrolled4_f32x16,2841600,2834914.764,21314300452.90039
native_par,2841600,1467736.609,221569617517.53247
simd_par,2841600,1124877.849,339823167551.3242
simd_par_better,2841600,2810470.766,14496218599.56836
native,2918400,9428172.035,4254686220.265625
native_with_size_hint,2918400,9445743.886,14836499294.859375
simd_f32x8,2918400,3086106.279,51655192823.453125
simd_f32x16,2918400,2738506.479,8779181647.144531
simd_unrolled4_f32x8,2918400,2915064.6,37553001807.28027
simd_unrolled4_f32x16,2918400,2901950.288,3411369341.948242
native_par,2918400,1396149.248,59772294248.98657
simd_par,2918400,1103177.365,123132010968.25171
simd_par_better,2918400,2962852.334,17905792539.060547
native,2995200,9636737.902,4783493827.59375
native_with_size_hint,2995200,9631576.27,11136846572.03125
simd_f32x8,2995200,3127394.313,54038649895.90625
simd_f32x16,2995200,2844854.203,74999869472.31055
simd_unrolled4_f32x8,2995200,2979530.818,16303895471.47461
simd_unrolled4_f32x16,2995200,2997145.736,14574873326.720703
native_par,2995200,1535392.391,121267330208.31152
simd_par,2995200,1262290.681,122579790260.35498
simd_par_better,2995200,3079252.875,87608594728.95898
native,3072000,9885664.394,1704374336.46875
native_with_size_hint,3072000,9906615.713,6166077594.796875
simd_f32x8,3072000,3311240.503,1461478873.0429688
simd_f32x16,3072000,3020395.202,2678539706.9375
simd_unrolled4_f32x8,3072000,3241921.044,2001535201.8261719
simd_unrolled4_f32x16,3072000,3239974.772,2123352331.8164063
native_par,3072000,1554353.198,734110528876.9741
simd_par,3072000,1279184.849,65001375431.51831
simd_par_better,3072000,3439252.754,125166051939.06055
native,3148800,10231264.412,5615530794.390625
native_with_size_hint,3148800,10224521.862,25286017449.03125
simd_f32x8,3148800,3386210.646,8641051734.976563
simd_f32x16,3148800,3162284.687,57913049519.10547
simd_unrolled4_f32x8,3148800,3361956.641,12144159804.597656
simd_unrolled4_f32x16,3148800,3451137.383,32104742191.648438
native_par,3148800,1770005.448,718401956914.5107
simd_par,3148800,1291800.04,96567530789.55835
simd_par_better,3148800,3409974.803,24188247330.58789
native,3225600,10429086.573,3780074932.96875
native_with_size_hint,3225600,10431646.235,3216651652.15625
simd_f32x8,3225600,3384051.172,2651773332.4160156
simd_f32x16,3225600,3203925.65,4856322382.267578
simd_unrolled4_f32x8,3225600,3475735.688,9074766079.078125
simd_unrolled4_f32x16,3225600,3424841.587,6319331760.734375
native_par,3225600,1632237.954,190351676330.18018
simd_par,3225600,1304621.844,42382908082.95557
simd_par_better,3225600,3457304.526,5048934774.828125
native,3302400,10651706.712,1153089873.765625
native_with_size_hint,3302400,10646954.079,1040059346.78125
simd_f32x8,3302400,3517746.796,2875308738.9375
simd_f32x16,3302400,3301611.889,4288707809.0839844
simd_unrolled4_f32x8,3302400,3596120.741,4592631892.271484
simd_unrolled4_f32x16,3302400,3590067.179,2241527753.2421875
native_par,3302400,1673874.946,89431122744.43115
simd_par,3302400,1372087.844,44549560830.667725
simd_par_better,3302400,3604420.025,2969311124.5351563
native,3379200,10979839.587,970795040.1875
native_with_size_hint,3379200,10978227.518,843050472.140625
simd_f32x8,3379200,3614937.697,1752236150.9199219
simd_f32x16,3379200,3391333.314,2796522254.185547
simd_unrolled4_f32x8,3379200,3803798.314,11238383236.845703
simd_unrolled4_f32x16,3379200,3776570.398,2911258067.0039063
native_par,3379200,1859504.598,261557424412.26025
simd_par,3379200,1557749.807,236800082800.45605
simd_par_better,3379200,3791596.178,20220454153.85547
native,3456000,11206146.197,1808049254.984375
native_with_size_hint,3456000,11200904.991,1306934886.734375
simd_f32x8,3456000,3681044.911,14480658473.652344
simd_f32x16,3456000,3481929.95,4529732092.4453125
simd_unrolled4_f32x8,3456000,3812497.816,2196891091.1328125
simd_unrolled4_f32x16,3456000,3807044.267,1897725381.2460938
native_par,3456000,1823004.445,127919347234.75684
simd_par,3456000,1541267.61,54690998063.637695
simd_par_better,3456000,3908777.735,6266589847.0546875
native,3532800,11485467.98,2845124456.484375
native_with_size_hint,3532800,11472684.069,1730624644.25
simd_f32x8,3532800,3941309.53,138823252485.93164
simd_f32x16,3532800,3809393.568,127845694993.46289
simd_unrolled4_f32x8,3532800,3982390.751,3443029822.6621094
simd_unrolled4_f32x16,3532800,4031093.296,8723371956.919922
native_par,3532800,1881789.452,82914025265.72754
simd_par,3532800,1607026.076,299636282454.6465
simd_par_better,3532800,3989937.57,1932177201.765625
native,3609600,11710537.775,4181343870.3125
native_with_size_hint,3609600,11789927.84,45893848462.09375
simd_f32x8,3609600,4012864.613,21138095109.38867
simd_f32x16,3609600,4023621.046,108372413078.21875
simd_unrolled4_f32x8,3609600,4265390.15,25417990093.902344
simd_unrolled4_f32x16,3609600,4157893.955,5529580902.980469
native_par,3609600,1950470.132,211824986341.3706
simd_par,3609600,1666185.832,258587442258.75586
simd_par_better,3609600,4148572.919,2009011775.578125
native,3686400,11978499.793,11079397998.34375
native_with_size_hint,3686400,12004633.987,34454221805.9375
simd_f32x8,3686400,4291518.563,117881180247.44922
simd_f32x16,3686400,4064830.588,103283878391.0664
simd_unrolled4_f32x8,3686400,4290715.599,36392409416.90625
simd_unrolled4_f32x16,3686400,4200211.513,7609694548.019531
native_par,3686400,2248663.246,517306978450.0586
simd_par,3686400,2016701.038,1026806163791.125
simd_par_better,3686400,4422079.958,114889855709.28125
native,3763200,12209992.638,3307118250.25
native_with_size_hint,3763200,12239612.547,24007591408.90625
simd_f32x8,3763200,4348192.517,204320202529.6875
simd_f32x16,3763200,4082047.797,11989443374.732422
simd_unrolled4_f32x8,3763200,4405630.836,2610968579.1445313
simd_unrolled4_f32x16,3763200,4425019.724,17049697105.117188
native_par,3763200,2243141.394,388735806265.62305
simd_par,3763200,1895428.721,258065699212.02393
simd_par_better,3763200,4422488.431,93117318764.32813
native,3840000,12435168.308,12577250413.53125
native_with_size_hint,3840000,12422147.625,1879432275.125
